A,B
101,103
103,101
103,104
104,103
104,106
106,104
106,107
107,106
107,108
108,107
108,109
109,108
109,110
110,109
110,111
111,110
111,112-A09
112-A09,111
112-A09,113
112-A09,A07
112-A09,A10
113,112-A09
113,114
114,113
114,115
115,114
115,116
116,115
116,117
117,116
117,118
118,117
118,119
119,118
119,120
120,119
120,121
120,227
121,120
121,122
122,121
122,123
123,122
123,124
124,123
124,125-A24
125-A24,124
125-A24,126
125-A24,A22
125-A24,A25
125-A24,D14
126,125-A24
128,129
129,128
129,130
130,129
130,131
131,130
131,132
132,131
132,133
133,132
133,134
134,133
134,135
135,134
135,136
136,135
136,137
137,136
137,139
137,228
139,137
139,142
142,139
201,204
204,201
204,205
205,204
205,206
206,205
206,207
207,206
207,208
208,207
208,209
209,208
209,210
210,209
210,211
211,210
211,212
212,211
212,213
213,212
213,214
213,505
213,221
214,213
214,215
215,214
215,216
216,215
216,217
217,216
217,218
218,217
218,219
219,218
219,220
220,219
220,221
221,220
221,222-415
221,213
222-415,221
222-415,224
222-415,414-D11
222-415,416
224,222-415
224,225
224,302
225,224
225,226
226,225
226,227
227,226
227,120
228,137
228,229-418-M22-A38
228,E01
229-418-M22-A38,640-M21
229-418-M22-A38,419
229-418-M22-A38,228
229-418-M22-A38,230
229-418-M22-A38,A36
229-418-M22-A38,A40
229-418-M22-A38,A36
229-418-M22-A38,M23
230,229-418-M22-A38
230,231
231,230
231,232-420-R28
232-420-R28,231
232-420-R28,233
232-420-R28,234
232-420-R28,420
232-420-R28,R27
232-420-R28,R29
233,232-420-R28
233,234
234,233
234,235-D24-R31
234,232-420-R28
235-D24-R31,234
235-D24-R31,236
235-D24-R31,R30
235-D24-R31,D25
235-D24-R31,R30
235-D24-R31,R32
236,235-D24-R31
236,237
237,236
237,238
238,237
238,239
239,238
239,241
239,248
241,239
241,242
242,241
242,243
243,242
243,244
244,243
244,245
245,244
245,246
246,245
246,247
247,246
248,239
248,249
249,248
249,250
250,249
250,251
251,250
251,252
252,251
252,253
253,252
253,254
254,253
254,255
255,254
255,256
256,255
256,257
257,256
301,302
302,301
302,224
401,402
402,401
402,405
405,402
405,406
406,405
406,407
407,406
407,408
408,407
408,409
409,408
409,410
410,409
410,411
411,410
411,412
412,411
412,413
413,412
413,414-D11
414-D11,413
414-D11,222-415
414-D11,413
414-D11,D12
416,222-415
416,621
419,229-418-M22-A38
419,420
420,419
420,232-420-R28
501,502
502,501
502,503
503,502
503,504
504,503
504,505
505,504
505,213
601,602
602,601
602,603
603,602
603,604
604,603
604,606
606,604
606,607
607,606
607,608
608,613
608,607
608,609
609,608
609,610
610,609
610,611
611,610
611,612
612,611
612,613
613,612
613,614
614,613
614,615
615,614
615,616
616,615
616,617
617,616
617,618
618,617
618,619
619,618
619,621
621,619
621,622
622,621
622,623
623,622
623,624
624,623
624,625
625,624
625,626
626,625
626,627
627,626
627,628
628,627
628,629-R11
629-R11,628
629-R11,630-F11
629-R11,718-R09
629-R11,R13
630-F11,629-R11
630-F11,631-723-901
630-F11,719-F09-G22
630-F11,F12
631-723-901,630-F11
631-723-901,632
631-723-901,721
631-723-901,724-D16
632,631-723-901
632,633
633,632
633,634
634,633
634,635-L03-R20
635-L03-R20,634
635-L03-R20,636
635-L03-R20,D19-L02
635-L03-R20,L05
635-L03-R20,R19
635-L03-R20,R21
636,635-L03-R20
636,637-D21
637-D21,636
637-D21,638
637-D21,A32-D20
637-D21,D22
637-D21,F14
638,637-D21
638,639-M20-Q01-R23
639-M20-Q01-R23,638
639-M20-Q01-R23,640-M21
639-M20-Q01-R23,M19
639-M20-Q01-R23,640-M21
639-M20-Q01-R23,R22
639-M20-Q01-R23,R24
640-M21,639-M20-Q01-R23
640-M21,229-418-M22-A38
640-M21,639-M20-Q01-R23
640-M21,229-418-M22-A38
701,702
702,701
702,705
702,707
705,702
705,706
706,705
706,707
707,702
707,706
707,708
707,712
708,707
708,709
709,708
709,710-G14
710-G14,709
710-G14,711
710-G14,G13
710-G14,G15
711,710-G14
711,712
712,707
712,711
712,713
712,718-R09
713,712
713,714
714,713
714,715
715,714
715,716
716,715
716,718-R09
718-R09,712
718-R09,716
718-R09,719-F09-G22
718-R09,R08
718-R09,629-R11
719-F09-G22,718-R09
719-F09-G22,720
719-F09-G22,710-G14
719-F09-G22,630-F11
719-F09-G22,G21
719-F09-G22,G24
720,719-F09-G22
720,721
721,720
721,631-723-901
724-D16,631-723-901
724-D16,127-725-902-R16-A27
724-D16,D15
724-D16,D17-R17
726,127-725-902-R16-A27
A02,A03
A03,A02
A03,A05
A05,A03
A05,A06
A06,A05
A06,A07
A07,A06
A07,112-A09
A10,112-A09
A10,A11
A11,A10
A11,A12-D13
A12-D13,A11
A12-D13,A14
A12-D13,D07
A12-D13,D12
A14,A12-D13
A14,A15
A15,A14
A15,A16
A16,A15
A16,A17
A17,A16
A17,A18
A18,A17
A18,A19
A19,A18
A19,A20
A20,A19
A20,A21
A21,A20
A21,A22
A22,A21
A22,125-A24
A25,125-A24
A25,127-725-902-R16-A27
A25,D14
A28,127-725-902-R16-A27
A28,A30
A30,A28
A30,A31
A31,A30
A31,A32-D20
A32-D20,A31
A32-D20,A33
A32-D20,D19-L02
A32-D20,637-D21
A33,A32-D20
A33,A34
A34,A33
A34,A36
A34,E01
A36,A34
A36,229-418-M22-A38
A36,E01
A40,229-418-M22-A38
A40,A41
A41,A40
A41,A42
A41,F18
A41,F20
A42,A41
A42,A43
A42,F20
A42,G36
A43,A42
A43,A44
A44,A43
A44,A45-S01
A45-S01,A44
A45-S01,A46
A45-S01,S03
A46,A45-S01
A46,A47
A47,A46
A47,A48
A48,A47
A48,A49
A49,A48
A49,A50
A50,A49
A50,A51-J27-L22
A51-J27-L22,A50
A51-J27-L22,A52
A51-J27-L22,J24
A51-J27-L22,J28
A51-J27-L22,L21
A51-J27-L22,235-D24-R31
A52,A51-J27-L22
A52,A53
A53,A52
A53,A54
A54,A53
A54,A55
A55,A54
A55,A57
A57,A55
A57,A59
A59,A57
A59,A60
A60,A59
A60,A61
A61,A60
A61,A63
A61,H02
A63,A61
A63,A64
A64,A63
A64,A65
A65,A64
B04,710-G14
B04,B06
B06,B04
B06,B08
B08,B06
B08,B10
B10,B08
B10,D15
B12,R36
B12,B13
B13,B12
B13,B14
B14,B13
B14,B15
B15,B14
B15,B16-N04
B16-N04,B15
B16-N04,B17
B16-N04,N03
B16-N04,N05
B17,B16-N04
B17,B18
B18,B17
B18,B19
B19,B18
B19,B20
B20,B19
B20,B21
B21,B20
B21,B22
B22,B21
B22,B23
B23,B22
B23,D43
D01,D03
D03,D01
D03,D04
D04,D03
D04,D05
D05,D04
D05,D06
D05,D07
D06,D05
D06,D07
D07,D06
D07,D08
D07,D05
D08,D07
D08,D09
D09,D08
D09,D10
D10,D09
D10,414-D11
D12,414-D11
D12,A12-D13
D14,125-A24
D14,A25
D14,F12
D14,D15
D15,B10
D15,D14
D15,724-D16
D15,F12
D17-R17,724-D16
D17-R17,D18
D17-R17,127-725-902-R16-A27
D17-R17,R18
D18,D17-R17
D18,D19-L02
D19-L02,D18
D19-L02,A32-D20
D19-L02,L01
D19-L02,635-L03-R20
D22,637-D21
D22,R30
D25,235-D24-R31
D25,D26
D26,D25
D26,D27
D26,S04
D27,D26
D27,D28
D28,D27
D28,D29
D29,D28
D29,D30
D30,D29
D30,D31
D31,D30
D31,D32
D32,D31
D32,D33
D33,D32
D33,D34
D34,D33
D34,D35
D35,D34
D35,D37
D37,D35
D37,D38
D38,D37
D38,D39
D39,D38
D39,D40
D40,D39
D40,D41
D41,D40
D41,D42
D42,D41
D42,D43
D42,F39
D43,B23
D43,D42
D43,N10
E01,A34
E01,228
E01,A36
F01,F02
F02,F01
F02,F03
F03,F02
F03,F04
F04,F03
F04,F05
F05,F04
F05,F06
F05,G07
F06,F05
F06,F07
F07,F06
F07,G08
F12,D14
F12,630-F11
F12,D15
F14,637-D21
F14,F15-M18
F15-M18,F14
F15-M18,F16
F15-M18,M16
F15-M18,M19
F16,F15-M18
F16,F18
F18,F16
F18,A41
F20,A42
F20,A41
F20,F21
F21,236
F21,F22
F22,F21
F22,F23-R33
F23-R33,F22
F23-R33,F24
F23-R33,R32
F23-R33,R34
F24,F23-R33
F24,F25
F25,F24
F25,F26
F26,F25
F26,F27
F27,F26
F27,F29
F29,F27
F29,F30
F30,F29
F30,F31
F31,F30
F31,F32
F32,F31
F32,F33
F33,F32
F33,F34
F34,F33
F34,F35
F35,F34
F35,F36
F36,F35
F36,F38
F38,F36
F38,F39
F39,D42
F39,F38
G05,G06
G06,G05
G06,G07
G06,J12
G07,F05
G07,G06
G08,F07
G08,G09
G09,G08
G09,G10
G10,G09
G10,G11
G11,G10
G11,G12
G12,G11
G12,G13
G13,G12
G13,710-G14
G15,710-G14
G15,G16
G16,G15
G16,G18
G18,G16
G18,G19
G19,G18
G19,G20
G20,G19
G20,G21
G21,G20
G21,719-F09-G22
G24,719-F09-G22
G24,G26
G26,G24
G26,G28
G28,G26
G28,G29-L10
G29-L10,G28
G29-L10,G30
G29-L10,L08
G29-L10,L11
G30,G29-L10
G30,G31
G31,G30
G31,G32
G32,G31
G32,G33
G33,G32
G33,G34
G34,G33
G34,G35
G35,G34
G35,G36
G36,A42
G36,G35
H02,A61
H02,H03
H03,H02
H03,H04
H04,H03
H04,H06
H04,H12
H06,H04
H06,H07
H07,H06
H07,H08
H08,H07
H08,H09
H09,H08
H09,H10
H10,H09
H10,H11
H11,H10
H12,H04
H12,H13
H13,H12
H13,H14
H14,H13
H14,H15
H15,H14
J12,G06
J12,J13
J13,J12
J13,J14
J14,J13
J14,J15
J15,J14
J15,J16
J16,J15
J16,J17
J17,J16
J17,J19
J19,J17
J19,J20
J20,J19
J20,J21
J21,J20
J21,J22
J22,J21
J22,J23
J23,J22
J23,J24
J24,J23
J24,A51-J27-L22
J28,A51-J27-L22
J28,J29
J29,J28
J29,J30
J30,J29
J30,J31
J31,J30
J31,M11
L01,D19-L02
L05,635-L03-R20
L05,L06
L06,L05
L06,L08
L08,L06
L08,G29-L10
L11,G29-L10
L11,L12
L12,L11
L12,L13
L13,L12
L13,L14
L14,L13
L14,L15
L15,L14
L15,L16
L16,L15
L16,L17-M08
L17-M08,L16
L17-M08,L19
L17-M08,M06
L17-M08,M09
L19,L17-M08
L19,L20
L20,L19
L20,L21
L21,L20
L21,A51-J27-L22
L24,A51-J27-L22
L24,L25
L25,235-D24-R31
L25,L26
L26,L25
L26,L27
L27,L26
L27,L28
L28,L27
L28,L29
L29,L28
M01,M04
M04,M01
M04,M05
M05,M04
M05,M06
M06,M05
M06,L17-M08
M09,L17-M08
M09,M10
M10,M09
M10,M11
M11,J31
M11,M10
M11,M12
M12,M11
M12,G29-L10
M13,M13
M13,M14
M14,G29-L10
M14,M16
M16,M14
M16,F15-M18
M19,F15-M18
M19,639-M20-Q01-R23
M23,229-418-M22-A38
N02,R41
N02,N03
N03,N02
N03,B16-N04
N05,B16-N04
N05,N06
N06,N05
N06,N07
N07,N06
N07,N08
N08,N07
N08,N09
N09,N08
N09,N10
N10,N09
N10,D43
R01,R03
R03,R01
R03,R04
R04,R03
R04,R05
R05,R04
R05,R06
R06,R05
R06,R08
R08,R06
R08,718-R09
R13,629-R11
R13,R14
R14,R13
R14,R15
R15,R14
R15,127-725-902-R16-A27
R18,D17-R17
R18,R19
R19,R18
R19,635-L03-R20
R21,635-L03-R20
R21,R22
R22,R21
R22,639-M20-Q01-R23
R24,639-M20-Q01-R23
R24,R25
R25,R24
R25,R26
R26,R25
R26,R27
R27,R26
R27,232-420-R28
R29,232-420-R28
R29,R30
R30,D22
R30,235-D24-R31
R30,R29
R30,235-D24-R31
R32,235-D24-R31
R32,F23-R33
R34,F23-R33
R34,R35
R35,R34
R35,R36
R36,B12
R36,R35
R36,R39
R39,R36
R39,R40
R40,R39
R40,R41
R41,N02
R41,R40
R41,R42
R42,R41
R42,R43
R43,R42
R43,R44
R44,R43
R44,R45
R45,R44
S03,A45-S01
S03,S04
S04,228
S04,D26
